category,milestone,age_range,template_start,emotional_tone,continuation_options
Childhood,First Memory,3-7,"I remember when I was small, maybe four or five years old",nostalgic,"the smell of my grandmother's kitchen|the sound of rain on our old roof|my father's hands lifting me up|the way sunlight came through our living room window|the taste of my mother's homemade cookies|the feeling of my pet's fur under my fingers|the sound of my parents laughing together|the warmth of being wrapped in my favorite blanket"
Childhood,Family Dynamics,5-12,"Growing up in our house was",complex,"chaotic but loving|quiet and structured|filled with laughter and arguments|unpredictable, depending on dad's mood|like living in a small village where everyone knew everything|a constant adventure with my siblings|peaceful until my parents started fighting|like being part of a team where everyone had a role"
Childhood,Early Fears,4-10,"I used to be terrified of",vulnerable,"the dark basement where the furnace lived|thunderstorms that shook our windows|the way my parents whispered when they thought I was asleep|being left alone, even for a few minutes|the monster I was sure lived under my bed|getting lost in the grocery store|the neighbor's aggressive dog|the sound of sirens in the distance"
Childhood,Quirky Positive Memory,4-12,"One of my happiest childhood memories was",joyful,"the day we found a stray kitten and convinced mom to let us keep it|when my grandfather taught me to fish and I caught my first bass|the summer we built a treehouse that became our secret headquarters|when I won the school spelling bee and felt like a genius|the day it snowed so much school was cancelled and we built snow forts|when my grandmother let me help her bake pies for Thanksgiving|the time our whole family got lost on a road trip but had the best adventure|when I learned to ride my bike without training wheels"
Childhood,Family Traditions,5-15,"Every year, our family would",traditional,"take a camping trip to the same lake where dad grew up|have a huge barbecue for the Fourth of July with all our neighbors|spend Christmas Eve at my grandmother's house playing board games|go apple picking and make cider that lasted all winter|plant a garden together and compete to see who grew the biggest tomatoes|have a talent show in our living room where everyone had to perform|drive around looking at Christmas lights while drinking hot chocolate|spend New Year's Day making resolutions we'd forget by February"
Education,First Day School,5-6,"My first day of school, I",anxious,"cried so hard my mother had to stay|felt excited until I saw all the other kids|pretended to be brave but my stomach hurt|wanted to run home to my toys|was so nervous I forgot how to tie my shoes|made my first friend while waiting in line|was amazed by how big the school seemed|felt proud wearing my new backpack"
Education,Influential Teacher,8-18,"There was this teacher who",formative,"saw something in me that I didn't see myself|made me believe I was smarter than I thought|taught me that failure wasn't the end of the world|showed me that adults could be trusted|introduced me to books that changed my life|encouraged my weird questions and wild ideas|taught me that being different was actually a strength|helped me discover my passion for learning"
Education,Academic Struggle,10-18,"School was never easy for me",challenging,"especially math, which felt like a foreign language|because I learned differently than everyone else|since I was always daydreaming instead of listening|but I was too proud to ask for help|particularly reading, which made me feel stupid|because I couldn't sit still for long periods|since I was more interested in art than academics|but I found my own ways to understand things"
Education,School Achievement,8-18,"I'll never forget when I",proud,"won the science fair with my volcano project|got the lead role in the school play|made the honor roll for the first time|was elected class president|scored the winning goal in the championship game|had my poem published in the school magazine|solved a math problem that stumped everyone else|stood up to the school bully and won"
Transportation,First Vehicle,16-25,"My first car was",freedom,"a beat-up Honda that barely ran but felt like freedom|my dad's old truck that smelled like sawdust and coffee|a bicycle I saved up for with my paper route money|a motorcycle that scared my mother to death|a hand-me-down from my older sister with a broken radio|a car I bought with my summer job money|an ancient station wagon that could fit all my friends|a small car that got amazing gas mileage"
Transportation,Learning to Drive,15-18,"Learning to drive with",memorable,"my father was an exercise in patience we both lacked|my mother meant lots of gripping the dashboard|my older brother was terrifying and hilarious|my driving instructor was awkward and formal|my grandfather was surprisingly calm and encouraging|my best friend's dad was more relaxed than my own parents|my aunt was the only one brave enough to teach me parallel parking|my driving teacher had infinite patience for my mistakes"
Work,First Job,14-22,"I'll never forget my first job",learning,"at the local grocery store, bagging groceries and learning about people|babysitting the neighbor kids and realizing how hard parenting must be|washing dishes at a restaurant where I learned about hard work|delivering newspapers in all kinds of weather|working at the movie theater and getting free popcorn|helping at my uncle's auto shop and getting covered in grease|working at a summer camp and discovering I loved working with kids|selling ice cream from a truck and making people happy"
Work,Workplace Dynamics,16-25,"The people I worked with",social,"taught me more about life than school ever did|showed me how different everyone's struggles really are|made me realize that adults don't have it all figured out|became like a second family to me|were a mix of characters I never would have met otherwise|taught me that respect has to be earned|showed me the value of teamwork|helped me understand what I wanted to do with my life"
Work,First Paycheck,14-22,"Getting my first paycheck",pride,"felt like becoming a real adult, even though it was tiny|made me understand why my parents were always tired|gave me a new appreciation for everything we had|made me want to spend it all immediately|taught me the difference between gross and net pay|made me realize how much things actually cost|felt like I'd earned my place in the world|gave me my first taste of financial independence"
Work,Workplace Challenge,16-30,"The hardest part of working was",growth,"dealing with difficult customers who took their bad days out on me|learning to work with people I didn't particularly like|realizing that showing up every day was harder than I thought|discovering that some bosses don't care about their employees|learning to bite my tongue when I disagreed with management|understanding that fair doesn't always mean equal|realizing that hard work doesn't always get rewarded|learning to find motivation when the work was boring"
Relationships,First Crush,10-16,"I thought I knew what love was",innocent,"when I saw them across the classroom that first day|until I felt my heart race every time they smiled|but it was just the beginning of understanding|when I wrote their name in my notebook margins|when I spent hours planning what I'd say to them|until I realized they didn't even know I existed|when I felt jealous for the first time|when I discovered what butterflies in your stomach really meant"
Relationships,First Heartbreak,15-25,"When it ended, I thought",devastating,"the world was ending and I'd never feel normal again|I'd never trust anyone with my heart again|I understood why people wrote sad songs|I was being dramatic, but the pain was real|I'd never love anyone else the same way|I learned that love and pain often go together|I discovered that healing takes longer than you expect|I realized that some people are meant to be lessons, not forever"
Relationships,First Real Love,18-30,"The first time I truly loved someone",transformative,"I understood what all the songs were about|I became a different version of myself|I learned that love could be both wonderful and terrifying|I realized I was capable of putting someone else first|I discovered what it meant to truly trust another person|I learned that vulnerability could be a strength|I understood why people say love changes everything|I realized that loving someone means accepting their flaws"
Relationships,Friendship Betrayal,12-25,"When my best friend",painful,"told everyone my biggest secret|chose someone else over me|lied to me about something important|started dating my ex behind my back|moved away without telling me|changed completely and became someone I didn't recognize|betrayed my trust in a way I never saw coming|taught me that not all friendships are meant to last forever"
Independence,Leaving Home,18-25,"The day I moved out",bittersweet,"I felt excited and terrified in equal measure|my mother cried and I pretended not to|I realized how much I didn't know about life|everything felt possible and overwhelming|I packed my entire life into a few boxes|I felt like I was finally becoming myself|I understood why my parents had so many rules|I realized how much work it takes to run a household"
Independence,First Apartment,18-25,"My first place was",pride,"tiny and perfect and completely mine|a disaster, but it was my disaster|nothing like I'd imagined, but I loved it anyway|where I learned to be alone with myself|smaller than my childhood bedroom but felt huge|where I made my first adult mistakes|where I learned that freedom comes with responsibility|where I discovered who I was when no one was watching"
Independence,Living Alone,18-30,"Living by myself taught me",growth,"that I actually enjoyed my own company|how to cook more than ramen and cereal|that silence could be peaceful or lonely|that independence came with a price|how to fix things when they broke|that I was stronger than I thought|how to make decisions without asking for advice|that being alone and being lonely are different things"
Independence,Financial Reality,18-30,"Managing money on my own",reality,"was harder than I ever imagined|taught me why my parents said no to so many things|made me appreciate every dollar I earned|showed me the difference between wants and needs|forced me to learn skills I never thought I'd need|made me realize how expensive being an adult really is|taught me to plan ahead for the first time|showed me that financial stress affects everything"
Responsibility,Caring for Others,20-40,"When I had to take care of",maturity,"my younger siblings after mom got sick|my aging grandparents, I grew up fast|my own child, everything changed|my partner through their depression|my parents as they got older|a sick pet, I learned about unconditional love|my family's business when dad couldn't|my friend through their addiction recovery"
Responsibility,Financial Pressure,18-40,"Money became real when",stress,"I had to choose between groceries and gas|my parents couldn't help anymore|I realized how expensive everything actually was|I had to support more than just myself|I lost my job and had no savings|I had to pay for my own health insurance|I wanted to help my family but couldn't afford to|I realized that financial security was more important than I thought"
Responsibility,Major Decision,20-40,"The biggest decision I ever made was",pivotal,"to change my major in college|to move across the country for a job|to end a relationship that wasn't working|to go back to school as an adult|to start my own business|to have children|to care for my aging parents|to leave a job I hated even though it paid well"
Crisis,Personal Loss,15-50,"When I lost",grief,"my grandmother, I lost my biggest supporter|my job, I lost my identity|my childhood home, I lost my anchor|my best friend, I lost part of myself|my pet, I lost my constant companion|my health, I lost my sense of invincibility|my savings, I lost my security|my faith, I lost my foundation"
Crisis,Health Scare,20-50,"The day I got sick",vulnerability,"I realized how fragile life really is|I learned who my real friends were|I discovered strength I didn't know I had|I understood what really mattered|I stopped taking my health for granted|I learned to ask for help|I realized that control is mostly an illusion|I discovered the power of hope"
Crisis,Family Crisis,15-40,"When our family went through",unity,"my parents' divorce, we learned to adapt|financial hardship, we learned what we could live without|my sibling's addiction, we learned about tough love|my father's job loss, we learned to support each other|my mother's illness, we learned to be caregivers|a legal problem, we learned to stick together|a natural disaster, we learned what really mattered|a scandal, we learned about forgiveness"
Growth,Personal Achievement,20-50,"The moment I realized I'd grown up was",maturity,"when I bought my first house|when I got promoted to management|when I became a parent|when I forgave someone who hurt me|when I stood up for what I believed in|when I helped my parents with their finances|when I made a decision based on values, not fear|when I chose to be happy despite circumstances"
Growth,Overcoming Fear,15-40,"I used to be afraid of",courage,"public speaking until I had to give a presentation|flying until I had to travel for work|commitment until I met the right person|failure until I learned it was part of success|being alone until I learned to enjoy my own company|taking risks until I realized the biggest risk was not trying|being vulnerable until I learned it was actually strength|change until I realized it was the only constant"
Growth,Learning Experience,20-50,"The experience that changed me most was",transformation,"traveling alone to a foreign country|volunteering at a homeless shelter|losing everything and starting over|becoming responsible for someone else's life|facing my biggest fear head-on|learning a skill I thought I could never master|surviving something I thought would break me|discovering a passion I never knew I had"
Responsibility,Major Decision,20-50,"The biggest decision I ever made",pivotal,"changed the course of my entire life|seemed small at the time but wasn't|I'm still not sure was the right one|taught me that some choices can't be undone"
Loss,Death of Loved One,10-60,"When [person] died, I learned",grief,"that grief doesn't follow any rules or timeline|that some pain never completely goes away|that life is more fragile than I'd realized|that love continues even after someone is gone"
Loss,End of Friendship,15-40,"Losing my best friend",betrayal,"hurt more than any romantic breakup|taught me that people change and grow apart|showed me that some bridges can't be rebuilt|made me more careful about who I trust"
Loss,Failed Dreams,20-50,"When my dream of",disappointment,"becoming a professional musician died|getting into my dream school fell through|starting my own business failed|making it as an artist proved impossible"
Achievement,Major Success,15-50,"The day I [achieved], everything changed",triumph,"I finally believed in myself|I realized hard work actually pays off|I understood what my parents meant about persistence|I felt like I could accomplish anything"
Achievement,Recognition,15-50,"When people started noticing my",validation,"work, I didn't know how to handle it|talent, I felt like an imposter|success, I worried it wouldn't last|achievements, I realized I'd been invisible before"
Achievement,Overcoming Fear,15-50,"The first time I conquered my fear of",courage,"public speaking, I felt invincible|heights, I understood what bravery meant|failure, I became unstoppable|being alone, I found my strength"
Failure,Major Setback,15-50,"My biggest failure taught me",humility,"that success isn't guaranteed|that I'm stronger than I thought|that failure isn't the end of the story|that pride comes before the fall"
Failure,Public Embarrassment,10-40,"The most embarrassing moment of my life",shame,"taught me that people forget faster than you think|made me realize everyone has moments like this|showed me that humor can heal almost anything|reminded me that perfection is impossible"
Failure,Missed Opportunity,18-50,"The opportunity I didn't take",regret,"still haunts me sometimes|taught me to be braver next time|showed me that timing matters|made me realize fear was holding me back"
Travel,First Time Away,15-30,"The first time I left [place]",perspective,"I realized how small my world had been|I understood that home would always be with me|I felt homesick and exhilarated at the same time|I discovered parts of myself I didn't know existed"
Travel,Culture Shock,15-50,"Experiencing a different culture",enlightenment,"opened my eyes to how many ways there are to live|made me question everything I thought I knew|showed me that normal is relative|taught me that people are the same everywhere"
Travel,Solo Journey,18-50,"Traveling alone for the first time",independence,"was terrifying and liberating|taught me to trust my instincts|showed me I could handle more than I thought|made me fall in love with my own company"

