category,characteristic,synonyms,description
Psychological,calm,composed;serene,A composed demeanor under pressure.
Psychological,bitter resentment,grudge;vendetta,A deep-seated anger from past wrongs, often hidden but influencing actions.
Psychological,reluctant optimism,hopeful hesitance;cautious positivity,A guarded belief in positive outcomes despite past setbacks.
Psychological,crippling self-doubt,insecurity;self-uncertainty,A persistent fear of inadequacy that undermines confidence.
Psychological,obsessive perfectionism,meticulousness;control fixation,An unrelenting drive for flawless results, often at personal cost.
Psychological,secretive paranoia,suspicion;distrust,A hidden belief that others are plotting against them, shaping cautious interactions.
Psychological,reckless impulsivity,hastiness;rashness,Acting without forethought, often leading to unintended consequences.
Psychological,unyielding loyalty,devotion;steadfastness,A fierce commitment to others, sometimes blinding judgment.
Psychological,haunted guilt,remorse;self-blame,A lingering regret over past actions, affecting present choices.
Psychological,defiant independence,autonomy;self-reliance,A stubborn refusal to depend on others, valuing freedom above all.
Psychological,chronic procrastination,delay;avoidance,A habitual postponement of tasks, driven by fear or indecision.
Psychological,manipulative charm,persuasiveness;charisma,Using allure to influence others for personal gain.
Psychological,suppressed rage,hidden anger;smoldering fury,Anger kept tightly controlled, erupting in rare but intense moments.
Psychological,idealistic naivety,innocence;optimism,A belief in the goodness of others, often leading to disillusionment.
Psychological,compulsive truth-seeking,curiosity;investigation,A relentless pursuit of facts, sometimes ignoring personal safety.
Psychological,melancholic nostalgia,wistfulness;sentimentality,A longing for the past that colors present emotions.
Psychological,fanatical devotion,zeal;obsession,An extreme dedication to a cause, often at the expense of balance.
Psychological,passive aggression,subtle hostility;indirect resentment,Expressing anger through subtle, non-confrontational means.
Psychological,unshakable resilience,fortitude;endurance,An ability to recover from setbacks with unwavering strength.
Psychological,delusional grandeur,arrogance;self-importance,A belief in personal greatness unsupported by reality.
Psychological,anxious overthinking,rumination;worry,Endlessly analyzing situations, leading to paralysis by analysis.
Psychological,compulsive risk-taking,thrill-seeking;adventurousness,A need for excitement that drives dangerous choices.
Psychological,skeptical pragmatism,realism;doubt,Approaching life with practical caution, questioning motives.
Psychological,clinging dependency,neediness;attachment,A fear of abandonment driving desperate need for closeness.
Psychological,erratic moodiness,volatility;instability,Sudden emotional ups and downs, confusing others.
Psychological,sm